split,n,fluor_mean,fluor_std,fluor_q05,fluor_q50,fluor_q95,hamming_mean,hamming_std,hamming_q50,hamming_q95
test,27217,2.082542,0.974246,1.301030,1.526118,3.694267,5.408568,1.542994,5.0,8.0
train,21464,3.184409,0.831154,1.301031,3.553635,3.797785,2.419540,0.583240,2.0,3.0
val,5366,3.159635,0.846692,1.301031,3.546758,3.790664,2.474283,0.534364,2.0,3.0
